id;status;level;trainer;active_from;activeto
1;married boohoo embezzle;though daily yuck;readdress across found;2024-01-01T03:41:39;2023-12-31T06:08:46
2;earnest truthfully;reorganization;reel atop assess;2023-12-31T06:25:28;2023-12-31T23:17:46
3;outside stop;meanwhile;hm tart carefully;2023-12-31T18:32:21;2023-12-31T09:21:48
4;now near;menorah;touch likely than;2023-12-31T18:20:33;2023-12-31T10:40:10
5;beyond properly;potentially;profitable accent;2023-12-31T20:28:45;2023-12-31T11:40:55
6;phooey triad;ah vista;an;2023-12-31T06:46:29;2024-01-01T04:19:19
7;near adventurously lest;test;retrofit traffic honestly;2024-01-01T00:30:03;2023-12-31T18:53:36
8;mostly;warlord vast moderate;tamp;2023-12-31T20:30:21;2024-01-01T00:12:46
9;delve by delirious;yippee mull;as upwardly;2023-12-31T19:22:51;2023-12-31T09:13:58
10;absent bubble thumb;coordinated without shed;more doubtfully phooey;2024-01-01T04:06:32;2023-12-31T14:04:59
